car,score,content,is_negative,input_negative
2026 메르세데스-벤츠 GLE 쿠페,9.33,승차감이 좋지만 가격은 너무 비싼듯.. 주행이 너무 편해서 재미가 없음. 글거서 잠이 잘와요 ㅎㅎ 소음거의없고 실내가 넓음 뒷자리를 위한 차,True,True
2026 메르세데스-벤츠 GLE 쿠페,9.0,디자인 이쁘고 성능도 좋고 기어변속시 불편함은 있지만 그래도 예뻐서 봐줌,True,False
2026 메르세데스-벤츠 GLE 쿠페,9.67,연비잘나오고(고속도로 주행시 15이상) 디자인좋고 넓고 근데 골목길?승차감이 너무 통통 튀어요 배타는듯한? 이거 빼고는 최고,True,False
2026 메르세데스-벤츠 GLE 쿠페,9.83,"덩치에 비해 나름 힘도 괜찮고, 덩치에 비해 연비도 훌륭하고,실내도 넓은 차량",True,False
2026 메르세데스-벤츠 GLE 쿠페,8.67,차체가 조금커서 불편하지만 승차감이 너무좋고 뒤자석이 다른차에 비해서 넓어서 너무좋고 연비도 만족합니다.,True,False
2026 메르세데스-벤츠 GLE 쿠페,10.0,"패밀리카로 선택 했는데 대만족중. 동급 중 가장 넓은 실내 ,조용함 생각보다 연비도 괜찮은듯",True,False
2026 메르세데스-벤츠 GLE 쿠페,8.33,음...정말힘이좋다 잘달린다 저덩치에 진짜빠르다 이쁘다 . 연비도괜찮다.,True,False
2026 메르세데스-벤츠 GLE 쿠페,8.33,햇빛가리개랑 좁은주차장 가는거 말고는 만족하고타고있습니다 다만 터보렉이 조금있고 좌우롤링 있는거 빼고는 단점이없네요,True,False
2026 메르세데스-벤츠 GLE 쿠페,9.33,생각보다 연비는 좋네요 다만 좁은 주차장같은데는 주차하기 힘들어요 .. 센서가 너무 작동잘되는지 좌회전 우회전할때 아무것도 없는데 혼자 작동되서 깜짝놀래요 ㅋㅋ 이젠 그러려니 하는데 디자인은 뭐 예쁘고 좋습니다. 캠핑용으로 타고다니는데 넓고 좋아요,True,False
2026 메르세데스-벤츠 GLE 쿠페,10.0,생각보다 연비가 굉장히 좋아요~ 힘 좋고!! 승차감은 더욱 좋아요!! 좋아요좋아요좋아요~~~~~,True,False
2026 메르세데스-벤츠 GLE 쿠페,9.0,차는 좋은데..브레이크도 잘들고 단지. 좁은골목 ?옛날 (구)주차장 들어가지못하고. 그리고 이유없이 센서에민감해서 소리나서 가끔깜작놀라기도하지만 잔고장없이 오래타고싶네요.,True,False
2026 메르세데스-벤츠 GLE 쿠페,9.33,"GLE53 AMG 23년 7월에 인도 받아 현재까지 1년 반 정도 운행했습니다. 세컨카로 주로 출퇴근을 하다보니, 정작 GLE53 AMG 차량은 운행거리가 아직 5천 킬로도 되지 않아 세세히 평가할 순 없지만, 저는 상당히 만족하면서 타고 있습니다. 개인적인 취향이겠지만, 일단 외관 상당히 웅장하며 멋있다고 생각됩니다. 내관 디자인 및 인포테인먼트 시스템 같은 경우도 제가 고민했던 BMW X5 차량 대비 상당히 고급스럽습니다. 주행 성능은 고성능 차량이다보니 타보시면 설명을 안해도 아실겁니다. 다만, 방지턱을 넘을때 롤링이 조금 있다고는 생각이 되긴합니다만 그리 신경 쓰이지는 않으며, 저 같은 경우는 서스 강도를 모드에서 가장 하드하게 설정해 두기 때문에 이것 또한 문제가 되지 않습니다. 주행성능, 디자인, 운전편의성 등등 너무 만족합니다. 다만, 차량가격과 연비 부분은 고성능 차량이다 보니 구매를 생각하시는 분들은 감안하셔야 합니다.",True,False
2026 메르세데스-벤츠 GLE 쿠페,9.83,연비 승차감 디자인 실내 공간 특히 2열 공간 매우 넓음 그 외 벤츠 e클래스 다운 편의사항 대부분을 누릴수 있음,True,False
2026 메르세데스-벤츠 GLE 쿠페,8.0,"GLE450 23년4월구매했는데 요즘, 주행중에 뒷쪽에서 소음이 좀있어요 서스펜션 시스템에 문제가 있는것처럼 다른분들도 그러신지요",True,True
2026 메르세데스-벤츠 GLE 쿠페,9.33,"고속도로 직선 100km 이상에서 1,2열 승차감 만족도 매우 높습니다. 힘 넘치네요. 다만 고속주행에서 코너링이 약하고 가끔 터보렉이 있지만 벤츠라 용서 됩니다. 스피커 좋고 2열 레그룸 굿이고 밤에 엠비언트라이트 굿이에요. 연비는 조금 아쉽지만 다른 부분들이 만족스럽습니다.",True,False
2026 메르세데스-벤츠 GLE 쿠페,9.83,전반적으로 만족하며 잘타고있어욤 스타트도 빠르고 고속도로 정속주행 연비 아주좋아요,True,False
2026 메르세데스-벤츠 GLE 쿠페,9.33,다좋습니다. 가격만사악하죠ㅜㅠ 연비 디자인 승차감 하차감 뭐하나빠지는게없습니다,True,False
2026 메르세데스-벤츠 GLE 쿠페,9.83,x5 40i하고 비교하다 bmw하고 고급스러움 차이가 확연하여 gle450으로 왔습니다. 에어서스덕에 승차감 정말 좋습니다. 롤링이 있긴 하지만 신경쓰일 정도는 아닙니다. 연비는 마일드하이브리드 덕택에 고급유 넣음에도 굉장히 만족하고 타고 있습니다. 뒷좌석은 동급대비 가장 넓어서 선택하는데도 한몫했지만 1억3천짜리에 썬블라이드 수동조차 없는건 진짜 욕하고 싶네요.. 전동은 바라지도 않았는데.... 근데 차의 디자인이나 웅장함 때문에 완전 만족하고 탑니다.,True,False
2026 메르세데스-벤츠 GLE 쿠페,9.67,"첫 눈에 반해 1년 넘도록 기다려 23년식을 타고 있는데 페이스리프트보다 예뻐보여요. 9단미션의 저속 꿀렁거림은 여전하지만 승차감, 정숙성, 공간감은 매우 만족합니다. 큰차라서 연비는 별 기대하지 않았지만 그래도 도심 8~9 / 고속 13~15 나와서 더욱 만족하구 있습니다.",True,False
2026 메르세데스-벤츠 GLE 쿠페,9.0,가격은비싼편이지만 엔진성능 승차감좋아요 아쉬움이 있다면 편의사항이 가격에 비해 부족하다는 느낌이 드네요 연비는생각보다 잘나오는 듯 합니다 잘타고있어요~^^,True,False
2026 메르세데스-벤츠 GLE 쿠페,9.83,잘 선택했습니다. 하차감 좋습니다. 강력히 추천합니다. 연비가 고속도로 16키로 넘었습니다.,True,False
2026 메르세데스-벤츠 GLE 쿠페,9.83,"24년식 기준, 한 달 타보고 느낀 점. 1. 반자율이 생각보다 잘 됨 편함., 2. 연비좋음 만땅시 에코모드 + 발컨이면 1200km 감, 3. 정숙성 디젤인데 조용함 안에서는 밖에서는 시끄러울 수도. 여튼 내부에서는 생각보다 조용함 지인들 타면 가솔린인줄 함, 단 저속에서 가속시에 소음있음. 대충 20~40km?정도 달릴 때 소음발생), 4. 무선 안드로이드오토, 5. 부메스터스피커 좋음 6. 공간 넓음 특히 2열은 충분히 넓음. 7. 파워클로징 기대안했는데 좋음. 8. 제네시스 고민하다 GLE구매했는데 GV80대비 옵션/내부마간이 떨어짐 그래도 이거 사길 잘한 것 같음. 만족하면서 잘 타는 중",True,True
2026 메르세데스-벤츠 GLE 쿠페,9.33,가격을 제외하고 너무 좋은차입니다. 특히 연비가 너무 좋습니다.,True,False
2026 메르세데스-벤츠 GLE 쿠페,9.5,연비는 생각보다 잘 나옵니다 마일드하이브리드가 한 몫을 하네요 실내 승차감도 매우 좋고 공간도 넓게 잘 나왔습니다 주행 역시 고급스럽고 안락하니다,True,False
2026 메르세데스-벤츠 GLE 쿠페,9.67,전체적으로 가격빼곤 만족스럽다 공차2.5톤치고 연비나 가속능력도 괜찮음 마감도 잘되어있고 고급스러움,True,False
2026 메르세데스-벤츠 GLE 쿠페,9.5,우월한 자동성능 드라이브. 승차감 좋은에어서스. 정차시 조용한 마일드하이브리드. 디젤의 엔진소리도 좋아요. 무엇보다 우수한연비 광양 섬진강 왕복 16km/l 말이 됩니까?,True,False
2026 메르세데스-벤츠 GLE 쿠페,9.67,"전반적으로 굿입니다 크게 부족한 부분은 없지만 역시 벤츠의 고질병이라고 할 수 있는 9단미션 특히나 저단미션에서의 허당스러움은 처음에는 진짜 적응하기 힘들었지만 지금은 또 그냥저냥 만족하고 타고 있지만 다음에는 9단 미션 벤츠는 확실한 개선점이 안 보인다면 무조건, pass할 예정입니다",True,False
2026 메르세데스-벤츠 GLE 쿠페,9.0,외관 성능 다 좋습니다. 다만 디젤이라 엔진소음이 개선되었다고는 하지만 여전하네요...그것빼고는 튼튼하고 잘나가고 연비도 좋고 만족합니다.,True,True
2026 메르세데스-벤츠 GLE 쿠페,10.0,"시내주행 연비 13.3km 디젤엔진의 정숙성 편안함 도로에 나오면 이목집중 디자인 풍절음, 잡소리 0에 수렴 주행감 넘치는 레이싱 하고싶으면 x6 일상적이고 댄디하게 타고싶으면 gle쿠페",True,False
2026 메르세데스-벤츠 GLE 쿠페,9.33,예쁘고 품질 좋고 힘 좋고 연비 준수하고 실내도 넓어서 가족들도 만족합니다,True,False
2026 메르세데스-벤츠 GLE 쿠페,10.0,"주행성능 대단히 우수히고 거주섬도 매우 좋다. 또한 품질과 디자인 면에서 매우 만족스럽다. 연비도 생각보다 좋은데, 이는 마일드 하이브리드 기능이 부가된 때문으로 생각된다. 준 벤츠S클라스급으로 가성비면에서도 탁월하다.",True,False
2026 메르세데스-벤츠 GLE 쿠페,9.67,성능 디자인 만족스럽고 마일드하이브리드엔진 때문에 연비도 괜찮은 것 같습니다,True,False
2026 메르세데스-벤츠 GLE 쿠페,9.5,디자아부터 실용성까지 아주 만족합니다! 실내는 엄청 넓고 조용합니다 연비는 케바케,True,False
2026 메르세데스-벤츠 GLE 쿠페,8.67,디자인만 마음에 드신다면 나머지부분은 기대이상! 가격과 연비빼곤 다 만족합니다 모드마다 다양한 주행감을 느낄수있습니다 강추합니다!!!,True,False
2026 메르세데스-벤츠 GLE 쿠페,9.83,"승차감, 정숙성, 연비 다 좋고 빠지는게 없는 차량. 1년정도 탔지만 아직은 단점이랄거는 없는 것 같다. 주차하기 좀 빡센 거 정도?",True,False
2026 메르세데스-벤츠 GLE 쿠페,9.67,"OM654 주철로 만든 엔진이라 연비, 정숙성이 일반적인 직분사 휘발유차량보다 우수함 에어서스펜션이 압권임... 장거리 주행시 피곤함이 거의 느껴지지 않을 정도",True,False
2026 메르세데스-벤츠 GLE 쿠페,9.33,이 정도 크기의 성능을 가진 차는 패밀리카로 크개 부담스럽지않습니다. 연비도 좋고 또한 거주성이 너무 좋네요,True,False
2026 메르세데스-벤츠 GLE 쿠페,8.5,일상주행에서 출력 충분하고 에어서스펜션으로 승차감 좋고 특히 연비가 덩치에 비해 아주 잘나와서 만족합니다.,True,False
2026 메르세데스-벤츠 GLE 쿠페,10.0,가격대비 성능과 연비등 가성비가 뛰어나지만 점검등의 서비스 요청에 시일이 오래걸려서 매우불편합니다,True,False
2026 메르세데스-벤츠 GLE 쿠페,9.83,연비끝네주고 주행성능 굿입니다 아직까지 불편한것없고 하차감죽입니다 G00d,True,False
2026 메르세데스-벤츠 GLE 쿠페,9.67,배기량이 작아서 고속주행시 차량이 잘 안나간다는 평가가 있던데 실제 주행에 보니 전혀 불편한거 없이 고속도로 다닙니다. 연비도 인터넷에 있는거 보다는 좀 더 높게 나오네요 현재까지는,True,False
2026 메르세데스-벤츠 GLE 쿠페,9.83,어느하나 빠지지않고 연비에서 놀랍고 2열 좌석이 정말 넓어서 패밀리카 최고,True,False
2026 메르세데스-벤츠 GLE 쿠페,8.17,사실 차에 대해서 모름 X5와 비교했을 때 가장 따져본 건 거주성. 좁은 느낌이 1도 없고 탁 틔인 실내가 가장 장점 주행성은 국산차와 비교해도 딱히 더 좋은 느낌은 없음 좋은 연비로 유지비가 적게 드는 게 개꿀,True,False
2026 메르세데스-벤츠 GLE 쿠페,9.67,gle300d 차량인데 경유차라 많이 불편할줄 알았는데 차가좋네요 연비도 좋고 공간이 넓어서 캠핑가기에 좋아요 잘구매했네요,True,False
2026 메르세데스-벤츠 GLE 쿠페,9.67,디자인도 이쁘고 연비도 좋아요! 하이브리드리 전기 충전 만으로도 출퇴근이 가능해서 좋아요!,True,False
2026 메르세데스-벤츠 GLE 쿠페,9.0,출고후 700km 정도 탔는데 복합연비가 예상외로 잘나옵니다. 타기나름인것 같습니다. 정숙성은 정말만족. 6기통 디젤 고급 스럽습니다.,True,False
2026 메르세데스-벤츠 GLE 쿠페,6.5,Gle450 시내연비 5-6키로 장거리 10-11키로 실내마감 gv80보다 떨어짐 가격 23년 1.3억 사악함 내차는 22년식인데 안드로이드 오토 풀화면안됨 차후 코딩으로 개선좀 해줬으면좋겠음 와이퍼 작동시 드럽게 시끄러움 내부 공간넓음 뒷자리 리클라이너 각도 너무 좁음 사이드미러 불편함 광각으로 교체추천 단점만 적어봤음,True,False
2026 메르세데스-벤츠 GLE 쿠페,9.0,매우 만족하고 있습니다ᆢ 다만 벤츠의 고질적 문제인 와이퍼 소리가 매우심함,True,False
2026 메르세데스-벤츠 GLE 쿠페,7.5,중립 기어 안되는거 불편하고 종종 바퀴를 풀로 돌릴 때 덜컥 거리는 현상이 있는데 센터에서는 아무 문제 없다는게 이상해요,True,False
2026 메르세데스-벤츠 GLE 쿠페,9.0,22년식 gle350e 타고 있는데 mbux 자동으로 연동 안되서 조금 불편합니다 매번 선 연결해야되요,True,False
2026 메르세데스-벤츠 GLE 쿠페,9.33,"두달정도 운행 해봤는데 일단 디자인 적으로는 개취영역이라 패스하고 출퇴근, 주말 포함 매일타는데 한달에 전기로만 하니 할인받으니까 4만원 정도 나옴 장거리뛰어도 베터리 레벨 모드로 하게되면 연비 20걍넘음 4기통이라서 밟는 차는 아니지만 연비가 극강임. 승차감도 에어서스때문에 좋음 롤링 문제는 솔직히 suv는 다 있다고 생각함. 불규칙한 요철 아니면 승차감 개좋음 무튼 대만족 단점은 우드트림, 휠, 핸들 아쉽 ㅠㅠ",True,False
2026 메르세데스-벤츠 GLE 쿠페,9.17,"3년동안 잔고장없이 탓고, 넓은 거주성과 정숙해서 패밀리카로 만족합니다.",True,False
2026 메르세데스-벤츠 GLE 쿠페,9.5,연비 생각보다 괜찮음 외관 맘에 담 무슨 40자 이상을 적으라고 해,True,False
2026 메르세데스-벤츠 GLE 쿠페,9.33,차값은 비싸지만 유지비는 싸게 들어요 연비가 가장 맘에 들어요 승차감도 좋던데...,True,False
2026 메르세데스-벤츠 GLE 쿠페,4.5,지금까지차중에 최악 차량 하자다수발생 수리해서 계속발생 외관 멋짐.승차감 고속 좋음 롤링심함 전반적으로 최악!!!,True,False
2026 메르세데스-벤츠 GLE 쿠페,9.67,디젤답지 않은 정숙성과 뛰어난 주행성능에 이덩치에 연비는 놀랍습니다 22년식은 메모리시트는 빠졌지만 대신 그동안 아쉬웠던 옵션이 모두 들어가서 풀옵 완전체입니다 타이어도 20인치로 출고되어 웅장하고 벤츠다운 포스에 만족하고 타고 타닙니다 차 폭이 생각보다 너무 커서 주차적응하는데 시간이 좀 걸리고 셀프세차하기가 너무 힘듭니다,True,False
2026 메르세데스-벤츠 GLE 쿠페,10.0,"디자인과 연비 내구성 다 좋아요 패밀리카로 사용하고 있는데, 만족합니다.",True,False
2026 메르세데스-벤츠 GLE 쿠페,3.33,2021년 4월에 출고 받아서 그 다음날 출근시 시동켜고 출발하는데 사이드브레이크가 걸려있다가 풀리는 것처럼 덜컹하연서 출발하고 이런 현상이 계속 있어서 센터에 물어보니 차량 출력이 좋아서 그런거라며 이야기 함. 믿지 못할 설명. 1년 3개월 타다가 운행 불가할 정도의 변속 충격과 운행 중 충격에 수리를 맏겨서 4개월. 기다려 미션 교체하고 다시 운행중 3주도 안되어 다시 운행 불가 수준의 충격음으로 센터 입고. 후 지금 전체 수리 기간이 7개월 째. 이제는 엔진 이상이라며 또 마냥 기다리라고 함. 그 외 패밀리카로 구입 후 제일 불편한 것은 후방 좌석이 뒤로 젖힐 수 없는것과 각 좌석 헤드레스트가 거북목 유발하는 불편한 구조임. 디자인은 다른 차에 비해 잘 했다고 평가. 이 글을 쓰는 이 순간 수리 맡긴지 너무 오래되어 내차 번호판도 기억이 나지 않을 정도 새차 사서 그냥 내차는 쓰레기가 되어가고 있는 중입니다.ㅠ,True,False
2026 메르세데스-벤츠 GLE 쿠페,8.5,승차감은 SUV치고는 좋은편이지만 아무래도 승용차랑은 비교되네요~~~차량가격과 연비는 다소 아쉽지만 그래도 나름 만족하고 있습니다. 패밀리카로는 손색이 없네요~~ 아직 아이가 없으시다면 쿠페도 좋을거 같습니다.,True,False
2026 메르세데스-벤츠 GLE 쿠페,6.17,"디자인을 제외 모든 것 평균 및 이하 시승식때 와는 잠깐 의 느낌이랑은 다른 느낌 실질적으로 직접 타보니 아쉬운 부분이 많음 가격 대비 가성, 사용 많이 부족 추천하고 싶지않음",True,False
2026 메르세데스-벤츠 GLE 쿠페,9.5,"첫 외제차인데요 역시 벤츠는 벤츠네요 디자인, 연비, 주행능력 너무 맘에 듭니다",True,False
2026 메르세데스-벤츠 GLE 쿠페,9.17,차 주행성능은 좋으나 현대차보다 인포메이션 및 음성인식 리모트파킹이 안되서 불편하네요,True,False
2026 메르세데스-벤츠 GLE 쿠페,9.17,외관은 그 어떤차보다 만족하고 집밥 가능한 하이브리드라 연비도 아주 만족하며 타는중입니다. 뒷자리는 조금 갑갑하네요,True,False
2026 메르세데스-벤츠 GLE 쿠페,9.17,디자인 끝내줍니다 성능은.... 하이브리드라 부족함이 많지만 그대신 전기차 대용으로 최고입니다.,True,False
2026 메르세데스-벤츠 GLE 쿠페,9.33,전반적으로 만족합시다 가격은 아쉽지만 그래도 실내공간이나 연비도 나름선방하는느낌이네요 조용히 유유자적으로 타기엔 딱입니다,True,False
2026 메르세데스-벤츠 GLE 쿠페,7.83,국산 몰다 한번에 amg 로 올렸는데 너무 만족합니다. 다만 이 가격대의 차에 핸들 열선이 없는게 좀 아쉽고 연비가 너무 헬입니다. amg 에 연비 생각하는 건 아니지만..,True,False
2026 메르세데스-벤츠 GLE 쿠페,8.83,마일드하이브리드(MH) 이슈 및 소프트업그레이드 이후 MH 개입이 줄어든 것 같아 연비가 안 좋아진 느낌이 들고 있음. 하지만 현재 연비도 차 크기 대비 안 좋다고 할 수는 없기 때문에 만족하며 타고 있음. 후면디자인이 약간 마음에 안 들지만 쿠페가 아니므로 패스. 자잘하게 신경쓰이게 하는 부분이 있긴 하지만 결함 없이 지금까지는 아주 만족하고 타고 있음.,True,False
2026 메르세데스-벤츠 GLE 쿠페,9.67,집에 충전시설 있다면 시내주행시 사실상 순수전기차 단점 거의 없음 단 순수가솔린 모드시 연비는 좋다고 할 수는 없음,True,False
2026 메르세데스-벤츠 GLE 쿠페,10.0,디자인 만점 연비 생각보다 좋음 주행감 좋음 여러 편의기능 좋음 차체 커서 주차 힘든거 빼고 대만족 차량,True,False
2026 메르세데스-벤츠 GLE 쿠페,9.33,"넓은 실내공간, 우수한 연비, 디젤차임에도 조용한 편이고 떨림도 적어서, 패밀리카로는 여러모로 최고의 선택이 아닐까 생각합니다. 아쉬운 점은 마일드 하이브리드라서 그런지 저속 변속이 매끄럽지 못합니다.",True,False
2026 메르세데스-벤츠 GLE 쿠페,9.0,연비 빼고는 모두 만족합니다. 최고 입니다. 가족들이 함께 타기에는 X5보다 좋습니다.,True,False
2026 메르세데스-벤츠 GLE 쿠페,9.5,디자인은 사실 좀 투박한거 같으나 연비가 워낙 좋고 품질이 확실히 우수합니다.,True,False
2026 메르세데스-벤츠 GLE 쿠페,8.0,차가 무거워 초반 가속이 느리고 연비가 좋지않지만 디자인과 브랜드 네임으로 커버가 됨.,True,False
2026 메르세데스-벤츠 GLE 쿠페,10.0,가족이 타기에 부담없는 차입니다. 잔고장도 없고 주행품질도 맘에 듭니다.,True,False
2026 메르세데스-벤츠 GLE 쿠페,8.83,전기주행은 매우 정숙하고 승차감 부드러워 대만족. 그러나 가솔린엔진 개입시 디젤엔진처럼 엔진소음이 크게 들림. 디젤인가?,True,True
2026 메르세데스-벤츠 GLE 쿠페,9.83,"거주성, 승차감이 좋아 고급스런 패밀리카를 원하시는 분들은 좋은 선택지가 될거에요. 덩치에 비해 연비도 만족스럽습니다. 고속주행 시 가속이 된 뒤에 파워는 좋지만, 시내 위주 주행시 변속될때의 변속충격이 있어 불편한 감은 있어요. 주행습관이 여유로우신분은 좋으실거고 빠른 반응을 원한다면 다른 차로 가세요. 잔고장은 없는 편 입니다. 아 뒷좌석 리클라이너 안되는게 제일 단점이네요!",True,False
2026 메르세데스-벤츠 GLE 쿠페,9.33,"방지턱 지날때 공차중량이 너무 무거운게 느껴집니다. 연비가 안좋아요. 엔진 토크가 받쳐주니 일반, 고속에서 무거운지는 모르겠어요. 하차감 좋고 패밀리카로 좋습니다. 다만 여성이 주차할때 힘들어 합니다.",True,False
2026 메르세데스-벤츠 GLE 쿠페,9.33,대부분 만족합니다만 초기 모델이라서 옵션이 부족한것이 아쉽네요 디자인은 최강이네요,True,False
2026 메르세데스-벤츠 GLE 쿠페,10.0,4기통이라는 아쉬운점이있지만 패밀리카목적에 맞게 사용한다면 전혀 부족함이없는차,True,False
2026 메르세데스-벤츠 GLE 쿠페,9.5,아이두명 키우며 패밀리카로 쓰기에 최고입니다! 마일드하이브리드 적용으로 생각보다 연비도 괜찮구요. 다만 오프로드 옵션 적용 안한게 아쉽네요 ㅠㅠ,True,False
2026 메르세데스-벤츠 GLE 쿠페,8.83,48V MHEV적용으로 초반 가속도 디젤치고는 좋아졌으며 정숙합니다. 실내공간 넓고 연비도 좋은 편이고 일부 옵션 빠진것은 아깝지만 소프트클로징이나 공기청정기 등 옵션은 패밀리 SUV로는 빠지는 점이 없습니다.,True,False
2026 메르세데스-벤츠 GLE 쿠페,8.67,19년식 깡통 이라 옵션 부족함이 있지만 에어서스 만족하고탐 안정적임 디젤 소리는 안타깝지만 어쩔 수 없음 저단에서 미견 조금 바보됨 우웅우웅 브랜드+ 묵직함 + 승차감으로 타고다님,True,False
2026 메르세데스-벤츠 GLE 쿠페,10.0,"주행 성능, 연비, 디자인, 실용성, 품질, 감성, 브랜드밸류 모두 만점 입니다! 최고!",True,False
2026 메르세데스-벤츠 GLE 쿠페,10.0,쌍둥이이라 뒷좌석 카시트 두개 넣고 가운데 사람이 앉을 수 있을정도로 넓고 편안합니다. 패밀리카라 치고 나갈 일없어 충분히 만족. 잘가고 잘서고 반도체 문제로 옵션 빠진거 빼곤 최고의 선택이라 생각함,True,False
2026 메르세데스-벤츠 GLE 쿠페,9.0,전부 맘에 드는데... 뽑기 문제일까 짜잘짜잘한 품질 문제가 가끔 나옴... 서비스 받는데 예약하고 2~3주 걸림...,True,False
2026 메르세데스-벤츠 GLE 쿠페,10.0,"주행성, 편안함, 연비(구입 후 1.5달 정도, 2200km 주행 기준 평균 연비 13.5 정도 유지중) 만족 등 전반적 만족합니다.",True,False
2026 메르세데스-벤츠 GLE 쿠페,9.67,볼수록 디자인도 과하지 않게 간결하고 연비도 좋습니다. 주행감도 부드러워 가족차로 추천합니다.,True,False
2026 메르세데스-벤츠 GLE 쿠페,9.17,편안하고 넉넉한 공간 다만 와이퍼 소음같은 문제는 아직 해결하지 못한 문제 연비는 고속에서 매우 좋은편이며 차가 조금 높아서 세차시에는 조금 불편함,True,True
2026 메르세데스-벤츠 GLE 쿠페,9.33,에어서스펜션으로 승차감이 좋고 마일드 하이브리드로 연비가 포르쉐 카이엔보다 다소 좋음,True,False
2026 메르세데스-벤츠 GLE 쿠페,10.0,"디자인, 출력, 상능, 제원, 연비 ,승차감,AS 모든 면에서 만족합니다.",True,False
2026 메르세데스-벤츠 GLE 쿠페,8.5,벤츠는 벤츠입니다. 스포츠성은 떨어집니다. e220d에 비해 체감연비 4-5정도 떨어집니다. 그외 다 좋습니다,True,False
2026 메르세데스-벤츠 GLE 쿠페,9.67,연비좋고 디자인좋고 거주공간 좋음. 단점은 벤츠 고질병인 와이퍼.. 운전석 미러.. 미러는 반드시 바꿔야합니다.,True,False
2026 메르세데스-벤츠 GLE 쿠페,10.0,이제 6000키로 넘었는데 너무 만족 합니다 제일 마음에드는건 연비디자인 그리고 편의 시설,True,False
2026 메르세데스-벤츠 GLE 쿠페,9.33,무사고차량에 as기간도 많이남아있고 흠집하나없으며 연비또한 완전우수합니다,True,False
2026 메르세데스-벤츠 GLE 쿠페,10.0,대체적으로 모두 만족합니다. 연비도 괜찮고 승차감도 괜찮고... 패밀리카로 대만족합니다.ㅎㅎ,True,False
2026 메르세데스-벤츠 GLE 쿠페,10.0,전반적으로 만족합니다. 연비 주행 승차감 스피커 모두 만족. 특히 전기모드와 스피커 대박입니다,True,False
2026 메르세데스-벤츠 GLE 쿠페,8.83,평타이상의 속도감과 안정성은 정말 극히 자랑하고 싶네요 연비좋고 주행성 좋고,True,False
2026 메르세데스-벤츠 GLE 쿠페,9.17,"와이프와 아이들이 좋아하는 차입니다. 연비는 10 ~ 11km/l 입니다. 초기 가속은 조금 느려서 적응이 필요하지만, 고속 주행 안정성은 정말 우수합니다.",True,False
2026 메르세데스-벤츠 GLE 쿠페,9.17,디젤 4기통 딸딸이긴하지만 48V 마이일드하이브리드 시스템 장착으로 출발시 부드럽고 장거리연비는 15km이상 나오지만 1억이 넘는 사악한 가격과 구입시오랜대기가 필요함,True,False
2026 메르세데스-벤츠 GLE 쿠페,8.67,"애기가 태어나서 와이프에게 선물로 사주었는데, SUV를 개인적으로 싫어하는 사람으로써 감안해도 높은 점수를 주게되네요 총주행거리 1만키로, 1년 탔습니다. 연비는 언제 기름 넣었는지도 까먹을정도이니, 좋습니당",True,False
2026 메르세데스-벤츠 GLE 쿠페,8.33,만족도가 매우높습니다 디자인 이쁘구요연비는 매우 좋지안습니다. 주행성능은 굉장히 스포티합니다,True,False
2026 메르세데스-벤츠 GLE 쿠페,9.33,모든면에 만족합니다~~ 조용하고 연비도 잘 나옵니다 패밀리카로 추천합니다,True,False
2026 메르세데스-벤츠 GLE 쿠페,9.67,마지막 디젤이라 소음진동연비 우수하고 풀옵션 수준이라 좋습니다 무게가 있어 초반굼뜸 제외하고 모두 우수!,True,True
2026 메르세데스-벤츠 GLE 쿠페,9.5,전기차시대로 넘어가기전 마지막단계입니다 연비는짱짱하고 디자인멋지고 매우만족하고있습니다 전기gv70풀옵9400생각하니 차값도저렴한것같네요 디자인가성비 유지비모두잡은팔방미인형차량입니다 스포츠성생각하시면x6으로가세요ㅎ,True,False
2026 메르세데스-벤츠 GLE 쿠페,9.0,GLE450 나이트패키지 브라운시트 주행성능과 정숙성은 최고이며 내부공간역시 매우 만족스럽습니다 약간은 높은가격대와 연비를 제외하곤 최고의 패밀리카인듯합니다,True,False
2026 메르세데스-벤츠 GLE 쿠페,10.0,쾌적하고 승차감좋고 편안해서 거실소파같은 느낌입니다. 장거리에도 피곤하지않아요. 너무 편안해서 꿀잠. 소음거의없고 suv로는 최고의 선택,True,True
2026 메르세데스-벤츠 GLE 쿠페,9.5,스포츠성에 목적이 있는 차가 아닙니다 스포츠성을 따지신다면 x5 40i 또는 53AMG로 알아보시길 추천드리고요 준대형 사이즈임에도 2000cc+모터로 만족할만한 운동성능과 편안한 주행감을 보여주고요 게다가 고유가 시대에 높은 연비가 최대 장점입니다 고급유만 넣고 다녀도 크게 부담이 없네요 나머지는 벤츠 두글자로 평가 하겠습니다,True,False
2026 메르세데스-벤츠 GLE 쿠페,9.67,너무 좋네요 충전환경만 좋으면 연비도 짱입니다~~~ 하이브리드 젤리쿱 짱,True,False
2026 메르세데스-벤츠 GLE 쿠페,8.5,"편안한 가족 차량입니다. 마일드하이브리드로 터보 렉도 없고, 성능도 우수하지만 차 넓이가 넓어서 주차시나 좁은길을 갈때는 많이 조심해야 합니다.",True,False
2026 메르세데스-벤츠 GLE 쿠페,7.17,주행의 부드러움은 장점 그러나 스포츠성은 떨어짐. 승차감도 부드러움에 가까우며 스포츠성은 떨어짐. 디자인은 만족스러우나 가격에 비해서 인테리어 가죽이나 헤드라이너 품질이 떨어짐. 연비는 시내주행 5km 내외 고속주행 10km 내외,True,False
2026 메르세데스-벤츠 GLE 쿠페,10.0,벤츠의 마지막 디젤 엔진 소음 진동 연비 힘 두루 우수함 패밀리카로 최적의 공간과 승차감을 가지고 있음,True,True
2026 메르세데스-벤츠 GLE 쿠페,10.0,"후회없는 선택 X5와 고민하였지만 패밀리카로써는 GLE450의 뒷좌석 편안함과 커다란 선루프의 개방감이 비교 자체가 안될정도였다 운전자뿐만아니라 가족의 편안함, 장거리 주행에서도 답답하지 않고 고속 주행에선 오히려 안정감이 든다 또한 삼각별 브랜드의 가치는 확실히 자부심을 느끼게 만들어 하차감이 매우 만족스럽다",True,False
2026 메르세데스-벤츠 GLE 쿠페,10.0,"큰덩치와 부드러운외관 고급스런 실내디자인 정숙함, 넘치는파워, 잡소리한번안나는 내차",True,False
2026 메르세데스-벤츠 GLE 쿠페,8.67,"디자인, 하차감 아무만족합니다. 연비도 차 덩치에 비해 나름 나쁘지 않습니다. 단, 국산차 대비 실내 편의사양, 시트 편안함은 기대 안하는게~~ 고속주행은 만족감이 높은데 저속(40km/h 이하) 주행시 꿀렁거림이 좀 있습니다.",True,False
2026 메르세데스-벤츠 GLE 쿠페,7.5,"오로지 쿠페 디자인 하나보고 산거라ㅋ 요즘 분위기에 디젤 사는건 아닌것 같아서 선택의 여지도 없이 하이브리드. 사실 충전 귀찮은데 전기주행 질감이 생각 이상으로 좋음. 차 무게 때문에 전비, 연비는 포기해야함. 비교모델 X6 잠깐 봤었는데 인테리어랑 2열보니 비교할 가치도 없다고 생각이 들어 바로 이 모델 선택!",True,False
2026 메르세데스-벤츠 GLE 쿠페,7.83,전체적으로 정숙하며 뒷자리 탑승 시 롤링현상이 있습니다 사람마다 개인차는 있을 수 있습니다 구매 전 비교했었던 X5보다 실내 공간은 넓고 트렁크는 작습니다 캠핑을 다니다보니 트렁크가 작은게 조금 불편하긴 합니다 그 외에는 모든점이 맘에 듭니다 패밀리카로 적극 추천합니다,True,False
2026 메르세데스-벤츠 GLE 쿠페,9.33,실내 조용하고 고속 주행시도 정숙성 최고. 가족의 생명을 지켜줄만큼 든든하다고 탈 때 마다 몸소 느낌. 연비는 시외주행하면 두자릿수 찍어주는데 시내주행이 많다보니 공인연비 밑으로 형성 됨. 단점 한가지만 꼽자면 막히는 도로에서 변속이 많이 느껴짐(2단 출발 때문에 그런 듯),True,False
2026 메르세데스-벤츠 GLE 쿠페,8.67,대체로 만족하고 잘 타고 다닙니다. 근데 자잘한 문제는 잦은편이긴 하지만,True,False
2026 메르세데스-벤츠 GLE 쿠페,9.0,실내도 넓고 승차감도 좋습니다. 시내주행 연비가 생각보다 안좋습니다. 차량 옵션은 그냥 벤츠 감성으로 커버해야 합니다~,True,False
2026 메르세데스-벤츠 GLE 쿠페,8.67,다양한 주행질감 / 고급스런 인테리어 / 편안한 승차감 / 삼각별하차감 / 최고의페미리카 등 장점이 있고 가격대비 떨어지는 품질 / 전기 없음 답답함 등 단점이 있네요 다시 선택하라해도 겟할듯 합니다.,True,False
2026 메르세데스-벤츠 GLE 쿠페,9.67,다음차도 벤츠로 사야겠다고 생각하게끔 만드는 차입니다. 내부 크기도 엄청 커서 아이들도 편해합니다. 그렇다고 주차하는게 불편하지 않아 편하게 몰고 다니고 있습니다.,True,False
2026 메르세데스-벤츠 GLE 쿠페,8.5,디자인이 예쁘고 실내가 넓어요. 주행성능도 뛰어납니다. 하지만 비싸고 무거운 만큼 연비가 좋지 않습니다.,True,False
2026 메르세데스-벤츠 GLE 쿠페,9.33,4기통이라 주위에서 별로일거라 생각하는 경우가 많은데 옵션 조금 빠지는거 빼곤 상당히 괜찮습니다,True,False
2026 메르세데스-벤츠 GLE 쿠페,9.0,레이지로버타다가 넘어왔습니다. 신세계네요. 전기충전의지만 있으면 연비는 경유이상인듯하구요 옵션이나 주행능력은 너무 좋네요,True,False
2026 메르세데스-벤츠 GLE 쿠페,9.67,"가격대비 옵션은 조금 부족하지만, 옵션 제외한 모든면에서 만족도는 매우 높음",True,False
2026 메르세데스-벤츠 GLE 쿠페,9.0,패밀리카로 좋아요 뒷자리 넓고 트렁크도 정말 커요 벤츠는 가속성도 제동력도 정말 좋아서 운전하는 맛이 나요 디젤이지만 소음도 크지 않고 덜덜거림도 없어 탑승하신 타차 분들 정말 놀래요,True,True
2026 메르세데스-벤츠 GLE 쿠페,8.67,괜찮습니다. 편안하고 주행성능도 좋고 에어서스펜션이라 안락합니다. 연비 빼고는 좋아요.,True,False
2026 메르세데스-벤츠 GLE 쿠페,7.83,고속도로 주행성 및 연비가 뛰어나고 서울 부산 왕복해도 기름이 많이 남습니다.,True,False
2026 메르세데스-벤츠 GLE 쿠페,9.67,"승차감 우수한편이고,주행중 피로감없고,연비또한 만족합니다. 대체로 만족하게 타고있어요^^",True,False
2026 메르세데스-벤츠 GLE 쿠페,7.0,뒷자리가 넓어 구입했지만 샀을때부터 잡소리때문에 센터에 몇번 들어갔는지 모르겠습니다. 조립불량에 센터가도 못잡습니다 구매자가 찾아야됩니다,True,False
2026 메르세데스-벤츠 GLE 쿠페,9.5,"2021년 5월4일 인수받고, 현재까지 7000km 탔습니다. 윈도우브러쉬 떨림현상으로 수리받은것 외에는 나무랄곳이 없고 아주 만족합니다.",True,False
2026 메르세데스-벤츠 GLE 쿠페,9.33,승차감 하차감좋지만 뒷자석조절이안되서 뒤에오래타면 좀불편함 가격은 비싸지만 차는좋음,True,False
2026 메르세데스-벤츠 GLE 쿠페,7.17,가격 대비...차는 괜찮는데... 잔 고장은 아니지만 가끔 신경 쓰이는게 있어요,True,False
2026 메르세데스-벤츠 GLE 쿠페,9.5,연비빼고는 전체적으로 만족합니다 승차감이나 안전성이 아주 뛰어나보 디자인도 맘에 쏙듭니다,True,False
2026 메르세데스-벤츠 GLE 쿠페,9.67,"가격대비 옵션이 부족한 부분은 있어요 그러나 운전대를 잡으면 에어서스가 주는 주행질감과 편안함이 모든걸 상쇄해주죠 연비는 시내 주행은 감동있는 연비는 아니고, 고속 주행은 감동 그 자체입니다 서울 부산 왕복하고도 기름이 많이 남아요 ㅎㅎ 패밀리카로 아빠의 감성과 아이들의 거주성, 와이프의 하차감 이 세박자를 모두 만족시키는 GLE 300d 입니다",True,False
2026 메르세데스-벤츠 GLE 쿠페,9.5,비싼만큼 하차감 제대로 느낍니다 주행정숙성 디자인 하차감 연비 모든면에서 완벽하나.. 자잘한 부분에서 2프로 부족한느낌,True,False
2026 메르세데스-벤츠 GLE 쿠페,8.17,"주행질감과 정숙성은 좋아요. 가격은 적당하지 않아요. 연비는 생각보다 괜찮아요. 품질은 전자기기 계통이 자주 오류가 나와 벤츠는 이 부분이 문제예요. 전기차는 ... 음. 디자인은 호불호라 전 만족해요. 듬직하고, 묵직한 느낌. Rv 는 가족을 위한 차라 생각되기에 거주성은 최고인듯... 다만, 리클라인 안되는 점은...",True,False
2026 메르세데스-벤츠 GLE 쿠페,9.5,유튜브를 보면 승차감이 안좋다 롤링이 심하다 하고 얘기하는데.. 승차감 좋구요...디자인도 만족하고 디젤임에도 조용하고 뽑기가 잘된건지는 모르겠지만 하자없이 잘 타고 있습니다,True,False
